id;create_at;update_at;name
1;2024-12-20T09:01:10;2024-12-20T10:14:12;mmm
2;2024-12-20T05:03:34;2024-12-20T21:13:40;or
3;2024-12-20T15:43:48;2024-12-20T19:39:10;brr
4;2024-12-20T16:02:07;2024-12-20T16:33:15;to soon
5;2024-12-20T04:38:12;2024-12-20T06:26:06;selfish innovate
6;2024-12-20T01:55:19;2024-12-20T11:10:57;viciously absent gee
7;2024-12-20T19:25:48;2024-12-20T23:22:37;outbid diligently however
8;2024-12-20T12:49:43;2024-12-20T02:47:53;hole inside whoever
9;2024-12-20T23:12:20;2024-12-20T21:33:24;carefree waist bah
10;2024-12-20T11:02:24;2024-12-20T06:07:46;deeply quaver
